33,asdsadsad,2022-05-14 09:40:36
34,AAAAAAAAA,2022-05-14 18:12:03
35,BVSSDSD,2022-05-15 03:37:41
36,SSSSSS,2022-05-15 03:44:20
37,sadsada,2022-05-15 03:44:37
38,sada,2022-05-15 03:45:24
39,sadsad,2022-05-15 03:45:47
40,sadsad,2022-05-15 03:48:36
41,sadsada,2022-05-15 03:48:49
42,SSSSS,2022-05-15 03:51:00
43,sadsadsad,2022-05-15 03:51:23
44,sadsadsa,2022-05-15 03:51:37
45,sadsad,2022-05-15 03:51:56
46,dsadsad,2022-05-15 03:53:27
47,BBBB,2022-05-15 03:53:52
48,CCC,2022-05-15 03:54:16
49,asdsadsad,2022-05-15 04:04:33
